{"data_time": 0.002346251500057406, "eta_seconds": 0.0, "fast_rcnn/cls_accuracy": 0.755859375, "fast_rcnn/false_negative": 0.232421875, "fast_rcnn/fg_cls_accuracy": 0.767578125, "iteration": 9, "loss_box_reg": 0.9037943184375763, "loss_cls": 0.5958629250526428, "loss_rpn_cls": 0.01803857460618019, "loss_rpn_loc": 0.03821636363863945, "lr": 0.0009001, "roi_head/num_bg_samples": 384.0, "roi_head/num_fg_samples": 128.0, "rpn/num_neg_anchors": 222.0, "rpn/num_pos_anchors": 34.0, "time": 0.9774076324993075, "total_loss": 1.583837578073144}
